Workbook

Sheet Rot. Total
B1: 2024/ene | C1: 2024/feb | D1: 2024/mar | E1: 2024/abr | F1: 2024/may | G1: 2024/jun | H1: 2024/jul | I1: 2024/ago | J1: 2024/sep | K1: 2024/oct | L1: 2024/nov | M1: 2024/dic | N1: 2025/ene | O1: 2025/feb | P1: 2025/mar | Q1: 2025/abr | R1: 2025/may | S1: 2025/jun | T1: 2025/jul
A2: Lugar de trabajo | B2: Rot. Mes | C2: Rot. Mes | D2: Rot. Mes | E2: Rot. Mes | F2: Rot. Mes | G2: Rot. Mes | H2: Rot. Mes | I2: Rot. Mes | J2: Rot. Mes | K2: Rot. Mes | L2: Rot. Mes | M2: Rot. Mes | N2: Rot. Mes | O2: Rot. Mes | P2: Rot. Mes | Q2: Rot. Mes | R2: Rot. Mes | S2: Rot. Mes | T2: Rot. Mes | V2: Rot. 2024 | W2: Rot. 2025
A3: Tda. Curicó | B3: 0.053097345 | C3: 0.088050314 | D3: 0.064516129 | E3: 0.070063694 | F3: 0.037151703 | G3: 0.036474164 | H3: 0.0061349693 | I3: 0 | J3: 0.018867925 | K3: 0.031446541 | L3: 0.050473186 | M3: 0.01910828 | N3: 0.037974684 | O3: 0.0063091483 | P3: 0.019417476 | Q3: 0.03164557 | R3: 0.028985507 | S3: 0.028089888 | T3: 0.034482759 | V3: =+IFERROR((SUM('Bajas Total'!B3:M3)/((Dotación!B3+Dotación!N3)/2)),0) -> 0.45783133 | W3: =+IFERROR((SUM('Bajas Total'!N3:T3)/((Dotación!N3+Dotación!U3)/2)),0) -> 0.18844985
A4: Tda. Estación Central | B4: 0.095846645 | C4: 0.046052632 | D4: 0.026229508 | E4: 0.059210526 | F4: 0.10067114 | G4: 0.020134228 | H4: 0.04040404 | I4: 0.013937282 | J4: 0.021428571 | K4: 0.021201413 | L4: 0.034722222 | M4: 0.027586207 | N4: 0.048442907 | O4: 0.020905923 | P4: 0.055944056 | Q4: 0.020761246 | R4: 0.027874564 | S4: 0.027027027 | T4: 0.052459016 | V4: =+IFERROR((SUM('Bajas Total'!B4:M4)/((Dotación!B4+Dotación!N4)/2)),0) -> 0.49511401 | W4: =+IFERROR((SUM('Bajas Total'!N4:T4)/((Dotación!N4+Dotación!U4)/2)),0) -> 0.25084746
A5: Tda. La Calera | B5: 0.035714286 | C5: 0.043165468 | D5: 0.051470588 | E5: 0.014814815 | F5: 0.044117647 | G5: 0.051660517 | H5: 0 | I5: 0.0072992701 | J5: 0.02189781 | K5: 0.014925373 | L5: 0 | M5: 0.022813688 | N5: 0 | O5: 0.0075757576 | P5: 0.022988506 | Q5: 0.015444015 | R5: 0.0077220077 | S5: 0.015625 | T5: 0.030769231 | V5: =+IFERROR((SUM('Bajas Total'!B5:M5)/((Dotación!B5+Dotación!N5)/2)),0) -> 0.3099631 | W5: =+IFERROR((SUM('Bajas Total'!N5:T5)/((Dotación!N5+Dotación!U5)/2)),0) -> 0.098859316
A6: Tda. Los Andes | B6: 0.036231884 | C6: 0.022222222 | D6: 0.052830189 | E6: 0.029962547 | F6: 0.071942446 | G6: 0.035335689 | H6: 0.028169014 | I6: 0.035335689 | J6: 0.036101083 | K6: 0.014440433 | L6: 0.0071174377 | M6: 0.028880866 | N6: 0.014760148 | O6: 0.029739777 | P6: 0.029962547 | Q6: 0.029520295 | R6: 0.055172414 | S6: 0.033112583 | T6: 0.040268456 | V6: =+IFERROR((SUM('Bajas Total'!B6:M6)/((Dotación!B6+Dotación!N6)/2)),0) -> 0.39855072 | W6: =+IFERROR((SUM('Bajas Total'!N6:T6)/((Dotación!N6+Dotación!U6)/2)),0) -> 0.23239437
A7: Tda. Maipú | B7: 0.077777778 | C7: 0.023188406 | D7: 0.023391813 | E7: 0.05988024 | F7: 0.018404908 | G7: 0.034188034 | H7: 0.026737968 | I7: 0.011111111 | J7: 0.011494253 | K7: 0.017291066 | L7: 0.027777778 | M7: 0.043243243 | N7: 0.027247956 | O7: 0.037333333 | P7: 0.078534031 | Q7: 0.047493404 | R7: 0.053475936 | S7: 0.041558442 | T7: 0.061696658 | V7: =+IFERROR((SUM('Bajas Total'!B7:M7)/((Dotación!B7+Dotación!N7)/2)),0) -> 0.35579515 | W7: =+IFERROR((SUM('Bajas Total'!N7:T7)/((Dotación!N7+Dotación!U7)/2)),0) -> 0.3538874
A8: Tda. Plaza Oeste | B8: 0.10989011 | C8: 0.072243346 | D8: 0.06805293 | E8: 0.059479554 | F8: 0.054446461 | G8: 0.038869258 | H8: 0.044982699 | I8: 0.013651877 | J8: 0.017152659 | K8: 0.04886562 | L8: 0.035460993 | M8: 0.010600707 | N8: 0.031358885 | O8: 0.031141869 | P8: 0.045534151 | Q8: 0.014159292 | R8: 0.049382716 | S8: 0.042179262 | T8: 0.017574692 | V8: =+IFERROR((SUM('Bajas Total'!B8:M8)/((Dotación!B8+Dotación!N8)/2)),0) -> 0.55830389 | W8: =+IFERROR((SUM('Bajas Total'!N8:T8)/((Dotación!N8+Dotación!U8)/2)),0) -> 0.23198594
A9: Tda. Plaza Tobalaba | B9: 0.075067024 | C9: 0.055710306 | D9: 0.038781163 | E9: 0.032345013 | F9: 0.036458333 | G9: 0.025380711 | H9: 0.020512821 | I9: 0.021164021 | J9: 0.0053908356 | K9: 0.032608696 | L9: 0.032345013 | M9: 0.026109661 | N9: 0.026109661 | O9: 0.01055409 | P9: 0.025706941 | Q9: 0.025188917 | R9: 0.041025641 | S9: 0.030075188 | T9: 0.024154589 | V9: =+IFERROR((SUM('Bajas Total'!B9:M9)/((Dotación!B9+Dotación!N9)/2)),0) -> 0.3875969 | W9: =+IFERROR((SUM('Bajas Total'!N9:T9)/((Dotación!N9+Dotación!U9)/2)),0) -> 0.17955112
A10: Tda. Rancagua | B10: 0.062370062 | C10: 0.0084745763 | D10: 0.025862069 | E10: 0.034261242 | F10: 0.058091286 | G10: 0.020408163 | H10: 0.012244898 | I10: 0.0041493776 | J10: 0.0042105263 | K10: 0 | L10: 0.016842105 | M10: 0.016985138 | N10: 0.021186441 | O10: 0.035928144 | P10: 0.069902913 | Q10: 0.019493177 | R10: 0.038535645 | S10: 0.015267176 | T10: 0.015180266 | V10: =+IFERROR((SUM('Bajas Total'!B10:M10)/((Dotación!B10+Dotación!N10)/2)),0) -> 0.26415094 | W10: =+IFERROR((SUM('Bajas Total'!N10:T10)/((Dotación!N10+Dotación!U10)/2)),0) -> 0.22222222
A11: Tda. San Bernardo | B11: 0.067039106 | C11: 0.066852368 | D11: 0.068376068 | E11: 0.058479532 | F11: 0.034883721 | G11: 0.022792023 | H11: 0.056818182 | I11: 0.028901734 | J11: 0 | K11: 0.017699115 | L11: 0.028735632 | M11: 0.016304348 | N11: 0.037533512 | O11: 0.038147139 | P11: 0.037333333 | Q11: 0.051948052 | R11: 0.047745358 | S11: 0.032085561 | T11: 0.064516129 | V11: =+IFERROR((SUM('Bajas Total'!B11:M11)/((Dotación!B11+Dotación!N11)/2)),0) -> 0.44565217 | W11: =+IFERROR((SUM('Bajas Total'!N11:T11)/((Dotación!N11+Dotación!U11)/2)),0) -> 0.31266846
A12: Tda. San Fernando | B12: 0.066945607 | C12: 0.026548673 | D12: 0.044843049 | E12: 0.025641026 | F12: 0.032388664 | G12: 0.023715415 | H12: 0.023255814 | I12: 0.0080321285 | J12: 0 | K12: 0.025104603 | L12: 0.0085106383 | M12: 0 | N12: 0.015873016 | O12: 0.047058824 | P12: 0.023346304 | Q12: 0.031007752 | R12: 0.030888031 | S12: 0.030651341 | T12: 0.044776119 | V12: =+IFERROR((SUM('Bajas Total'!B12:M12)/((Dotación!B12+Dotación!N12)/2)),0) -> 0.27091633 | W12: =+IFERROR((SUM('Bajas Total'!N12:T12)/((Dotación!N12+Dotación!U12)/2)),0) -> 0.22137405
A13: Tda. Talca | B13: 0.055319149 | C13: 0.063291139 | D13: 0.061601643 | E13: 0.056910569 | F13: 0.053608247 | G13: 0.025263158 | H13: 0.032653061 | I13: 0.035294118 | J13: 0.023483366 | K13: 0.015625 | L13: 0.038910506 | M13: 0.035363458 | N13: 0.047619048 | O13: 0.038986355 | P13: 0.046601942 | Q13: 0.015779093 | R13: 0.011952191 | S13: 0.015904573 | T13: 0.0080160321 | V13: =+IFERROR((SUM('Bajas Total'!B13:M13)/((Dotación!B13+Dotación!N13)/2)),0) -> 0.50102669 | W13: =+IFERROR((SUM('Bajas Total'!N13:T13)/((Dotación!N13+Dotación!U13)/2)),0) -> 0.18913481
A14: Tda. Antofagasta | B14: 0.023866348 | C14: 0.052132701 | D14: 0.043062201 | E14: 0.053398058 | F14: 0.028368794 | G14: 0.060046189 | H14: 0.032036613 | I14: 0.026845638 | J14: 0.035794183 | K14: 0.036613272 | L14: 0.013856813 | M14: 0.013761468 | N14: 0.026315789 | O14: 0.042553191 | P14: 0.077253219 | Q14: 0.060085837 | R14: 0.058947368 | S14: 0.052631579 | T14: 0.036585366 | V14: =+IFERROR((SUM('Bajas Total'!B14:M14)/((Dotación!B14+Dotación!N14)/2)),0) -> 0.42253521 | W14: =+IFERROR((SUM('Bajas Total'!N14:T14)/((Dotación!N14+Dotación!U14)/2)),0) -> 0.36601307
... A48: Total | B48: 0.06522554 | C48: 0.048412648 | D48: 0.045641317 | E48: 0.044327902 | F48: 0.04729186 | G48: 0.033059875 | H48: 0.036330718 | I48: 0.026154871 | J48: 0.020518491 | K48: 0.03083945 | L48: 0.032287654 | M48: 0.028930664 | N48: 0.034652562 | O48: 0.048489235 | P48: 0.047111542 | Q48: 0.031310445 | R48: 0.03368093 | S48: 0.031416716 | T48: 0.031637754 | V48: =+IFERROR((SUM('Bajas Total'!B48:M48)/((Dotación!B48+Dotación!N48)/2)),0) -> 0.45588145 | W48: =+IFERROR((SUM('Bajas Total'!N48:T48)/((Dotación!N48+Dotación!U48)/2)),0) -> 0.25811873

Sheet Rot. Involuntaria
B1: 2024/ene | C1: 2024/feb | D1: 2024/mar | E1: 2024/abr | F1: 2024/may | G1: 2024/jun | H1: 2024/jul | I1: 2024/ago | J1: 2024/sep | K1: 2024/oct | L1: 2024/nov | M1: 2024/dic | N1: 2025/ene | O1: 2025/feb | P1: 2025/mar | Q1: 2025/abr | R1: 2025/may | S1: 2025/jun | T1: 2025/jul
A2: Lugar de trabajo | B2: Rot. Mes | C2: Rot. Mes | D2: Rot. Mes | E2: Rot. Mes | F2: Rot. Mes | G2: Rot. Mes | H2: Rot. Mes | I2: Rot. Mes | J2: Rot. Mes | K2: Rot. Mes | L2: Rot. Mes | M2: Rot. Mes | N2: Rot. Mes | O2: Rot. Mes | P2: Rot. Mes | Q2: Rot. Mes | R2: Rot. Mes | S2: Rot. Mes | T2: Rot. Mes | V2: Rot. 2024 | W2: Rot. 2025
A3: Tda. Curicó | B3: 0.02359882 | C3: 0.0062893082 | D3: 0 | E3: 0.0063694268 | F3: 0 | G3: 0.0060790274 | H3: 0 | I3: 0 | J3: 0 | K3: 0 | L3: 0.0063091483 | M3: 0 | N3: 0.0063291139 | O3: 0 | P3: 0 | Q3: 0.012658228 | R3: 0 | S3: 0 | T3: 0 | V3: =+IFERROR((SUM('Bajas Involuntarias'!B3:M3)/((Dotación!B3+Dotación!N3)/2)),0) -> 0.048192771 | W3: =+IFERROR((SUM('Bajas Involuntarias'!N3:T3)/((Dotación!N3+Dotación!U3)/2)),0) -> 0.018237082
A4: Tda. Estación Central | B4: 0.057507987 | C4: 0 | D4: 0 | E4: 0.019736842 | F4: 0.033557047 | G4: 0 | H4: 0.0067340067 | I4: 0 | J4: 0 | K4: 0 | L4: 0 | M4: 0.0068965517 | N4: 0.0069204152 | O4: 0 | P4: 0 | Q4: 0.0069204152 | R4: 0.013937282 | S4: 0.013513514 | T4: 0.013114754 | V4: =+IFERROR((SUM('Bajas Involuntarias'!B4:M4)/((Dotación!B4+Dotación!N4)/2)),0) -> 0.1237785 | W4: =+IFERROR((SUM('Bajas Involuntarias'!N4:T4)/((Dotación!N4+Dotación!U4)/2)),0) -> 0.054237288
A5: Tda. La Calera | B5: 0.028571429 | C5: 0.0071942446 | D5: 0.014705882 | E5: 0 | F5: 0.022058824 | G5: 0 | H5: 0 | I5: 0 | J5: 0 | K5: 0 | L5: 0 | M5: 0 | N5: 0 | O5: 0 | P5: 0 | Q5: 0.0077220077 | R5: 0 | S5: 0 | T5: 0.0076923077 | V5: =+IFERROR((SUM('Bajas Involuntarias'!B5:M5)/((Dotación!B5+Dotación!N5)/2)),0) -> 0.073800738 | W5: =+IFERROR((SUM('Bajas Involuntarias'!N5:T5)/((Dotación!N5+Dotación!U5)/2)),0) -> 0.015209125
A6: Tda. Los Andes | B6: 0 | C6: 0 | D6: 0 | E6: 0.014981273 | F6: 0.014388489 | G6: 0.0070671378 | H6: 0 | I6: 0 | J6: 0 | K6: 0 | L6: 0 | M6: 0 | N6: 0.0073800738 | O6: 0 | P6: 0 | Q6: 0 | R6: 0 | S6: 0.0066225166 | T6: 0.013422819 | V6: =+IFERROR((SUM('Bajas Involuntarias'!B6:M6)/((Dotación!B6+Dotación!N6)/2)),0) -> 0.036231884 | W6: =+IFERROR((SUM('Bajas Involuntarias'!N6:T6)/((Dotación!N6+Dotación!U6)/2)),0) -> 0.028169014
A7: Tda. Maipú | B7: 0.033333333 | C7: 0.0057971014 | D7: 0 | E7: 0.011976048 | F7: 0.012269939 | G7: 0.0056980057 | H7: 0.0053475936 | I7: 0 | J7: 0 | K7: 0 | L7: 0.0055555556 | M7: 0 | N7: 0 | O7: 0 | P7: 0 | Q7: 0.01055409 | R7: 0 | S7: 0.0051948052 | T7: 0.020565553 | V7: =+IFERROR((SUM('Bajas Involuntarias'!B7:M7)/((Dotación!B7+Dotación!N7)/2)),0) -> 0.075471698 | W7: =+IFERROR((SUM('Bajas Involuntarias'!N7:T7)/((Dotación!N7+Dotación!U7)/2)),0) -> 0.037533512
A8: Tda. Plaza Oeste | B8: 0.036630037 | C8: 0.0076045627 | D8: 0.0037807183 | E8: 0.0037174721 | F8: 0.0072595281 | G8: 0.0035335689 | H8: 0.0034602076 | I8: 0 | J8: 0 | K8: 0.0034904014 | L8: 0.010638298 | M8: 0 | N8: 0.0034843206 | O8: 0 | P8: 0.0070052539 | Q8: 0.003539823 | R8: 0.0035273369 | S8: 0 | T8: 0.0035149385 | V8: =+IFERROR((SUM('Bajas Involuntarias'!B8:M8)/((Dotación!B8+Dotación!N8)/2)),0) -> 0.077738516 | W8: =+IFERROR((SUM('Bajas Involuntarias'!N8:T8)/((Dotación!N8+Dotación!U8)/2)),0) -> 0.021089631
A9: Tda. Plaza Tobalaba | B9: 0.058981233 | C9: 0.0055710306 | D9: 0 | E9: 0.010781671 | F9: 0 | G9: 0 | H9: 0 | I9: 0 | J9: 0 | K9: 0 | L9: 0 | M9: 0 | N9: 0.0052219321 | O9: 0 | P9: 0 | Q9: 0.0050377834 | R9: 0 | S9: 0 | T9: 0 | V9: =+IFERROR((SUM('Bajas Involuntarias'!B9:M9)/((Dotación!B9+Dotación!N9)/2)),0) -> 0.072351421 | W9: =+IFERROR((SUM('Bajas Involuntarias'!N9:T9)/((Dotación!N9+Dotación!U9)/2)),0) -> 0.0099750623
A10: Tda. Rancagua | B10: 0.029106029 | C10: 0 | D10: 0 | E10: 0.0085653105 | F10: 0.020746888 | G10: 0.0040816327 | H10: 0 | I10: 0 | J10: 0 | K10: 0 | L10: 0 | M10: 0.008492569 | N10: 0.0084745763 | O10: 0 | P10: 0 | Q10: 0 | R10: 0.0077071291 | S10: 0.0038167939 | T10: 0 | V10: =+IFERROR((SUM('Bajas Involuntarias'!B10:M10)/((Dotación!B10+Dotación!N10)/2)),0) -> 0.071278826 | W10: =+IFERROR((SUM('Bajas Involuntarias'!N10:T10)/((Dotación!N10+Dotación!U10)/2)),0) -> 0.02020202
A11: Tda. San Bernardo | B11: 0.011173184 | C11: 0 | D11: 0 | E11: 0.0058479532 | F11: 0.0058139535 | G11: 0 | H11: 0.017045455 | I11: 0 | J11: 0 | K11: 0 | L11: 0 | M11: 0 | N11: 0 | O11: 0 | P11: 0 | Q11: 0.015584416 | R11: 0.0053050398 | S11: 0.010695187 | T11: 0.043010753 | V11: =+IFERROR((SUM('Bajas Involuntarias'!B11:M11)/((Dotación!B11+Dotación!N11)/2)),0) -> 0.038043478 | W11: =+IFERROR((SUM('Bajas Involuntarias'!N11:T11)/((Dotación!N11+Dotación!U11)/2)),0) -> 0.075471698
A12: Tda. San Fernando | B12: 0.041841004 | C12: 0.0088495575 | D12: 0 | E12: 0.0085470085 | F12: 0.008097166 | G12: 0 | H12: 0 | I12: 0 | J12: 0 | K12: 0 | L12: 0 | M12: 0 | N12: 0 | O12: 0 | P12: 0 | Q12: 0.007751938 | R12: 0 | S12: 0.0076628352 | T12: 0 | V12: =+IFERROR((SUM('Bajas Involuntarias'!B12:M12)/((Dotación!B12+Dotación!N12)/2)),0) -> 0.06374502 | W12: =+IFERROR((SUM('Bajas Involuntarias'!N12:T12)/((Dotación!N12+Dotación!U12)/2)),0) -> 0.015267176
A13: Tda. Talca | B13: 0.021276596 | C13: 0.012658228 | D13: 0.016427105 | E13: 0.0081300813 | F13: 0.0082474227 | G13: 0.0042105263 | H13: 0.012244898 | I13: 0 | J13: 0 | K13: 0.00390625 | L13: 0 | M13: 0.0039292731 | N13: 0.011904762 | O13: 0.015594542 | P13: 0.015533981 | Q13: 0 | R13: 0 | S13: 0.0039761431 | T13: 0 | V13: =+IFERROR((SUM('Bajas Involuntarias'!B13:M13)/((Dotación!B13+Dotación!N13)/2)),0) -> 0.090349076 | W13: =+IFERROR((SUM('Bajas Involuntarias'!N13:T13)/((Dotación!N13+Dotación!U13)/2)),0) -> 0.048289738
A14: Tda. Antofagasta | B14: 0 | C14: 0.0047393365 | D14: 0.004784689 | E14: 0.024271845 | F14: 0 | G14: 0.0046189376 | H14: 0 | I14: 0 | J14: 0.0044742729 | K14: 0 | L14: 0 | M14: 0 | N14: 0 | O14: 0 | P14: 0.0042918455 | Q14: 0.017167382 | R14: 0.0042105263 | S14: 0.004048583 | T14: 0 | V14: =+IFERROR((SUM('Bajas Involuntarias'!B14:M14)/((Dotación!B14+Dotación!N14)/2)),0) -> 0.042253521 | W14: =+IFERROR((SUM('Bajas Involuntarias'!N14:T14)/((Dotación!N14+Dotación!U14)/2)),0) -> 0.030501089
... A48: Total | B48: 0.029488942 | C48: 0.0054495913 | D48: 0.0034136165 | E48: 0.0068677031 | F48: 0.014979882 | G48: 0.0050202033 | H48: 0.0054315027 | I48: 0.0012108736 | J48: 0.0013515174 | K48: 0.0054277432 | L48: 0.0048920687 | M48: 0.0024414062 | N48: 0.0044987537 | O48: 0.014474398 | P48: 0.0047232651 | Q48: 0.0048355899 | R48: 0.0039554117 | S48: 0.0041493776 | T48: 0.0067039106 | V48: =+IFERROR((SUM('Bajas Involuntarias'!B48:M48)/((Dotación!B48+Dotación!N48)/2)),0) -> 0.085224128 | W48: =+IFERROR((SUM('Bajas Involuntarias'!N48:T48)/((Dotación!N48+Dotación!U48)/2)),0) -> 0.043339936

Sheet Rot. Voluntaria
B1: 2024/ene | C1: 2024/feb | D1: 2024/mar | E1: 2024/abr | F1: 2024/may | G1: 2024/jun | H1: 2024/jul | I1: 2024/ago | J1: 2024/sep | K1: 2024/oct | L1: 2024/nov | M1: 2024/dic | N1: 2025/ene | O1: 2025/feb | P1: 2025/mar | Q1: 2025/abr | R1: 2025/may | S1: 2025/jun | T1: 2025/jul
A2: Lugar de trabajo | B2: Rot. Mes | C2: Rot. Mes | D2: Rot. Mes | E2: Rot. Mes | F2: Rot. Mes | G2: Rot. Mes | H2: Rot. Mes | I2: Rot. Mes | J2: Rot. Mes | K2: Rot. Mes | L2: Rot. Mes | M2: Rot. Mes | N2: Rot. Mes | O2: Rot. Mes | P2: Rot. Mes | Q2: Rot. Mes | R2: Rot. Mes | S2: Rot. Mes | T2: Rot. Mes | V2: Rot. 2024 | W2: Rot. 2025
A3: Tda. Curicó | B3: 0.029498525 | C3: 0.081761006 | D3: 0.064516129 | E3: 0.063694268 | F3: 0.037151703 | G3: 0.030395137 | H3: 0.0061349693 | I3: 0 | J3: 0.018867925 | K3: 0.031446541 | L3: 0.044164038 | M3: 0.01910828 | N3: 0.03164557 | O3: 0.0063091483 | P3: 0.019417476 | Q3: 0.018987342 | R3: 0.028985507 | S3: 0.028089888 | T3: 0.034482759 | V3: =+IFERROR((SUM('Bajas Voluntarias'!B3:M3)/((Dotación!B3+Dotación!N3)/2)),0) -> 0.40963855 | W3: =+IFERROR((SUM('Bajas Voluntarias'!N3:T3)/((Dotación!N3+Dotación!U3)/2)),0) -> 0.17021277
A4: Tda. Estación Central | B4: 0.038338658 | C4: 0.046052632 | D4: 0.026229508 | E4: 0.039473684 | F4: 0.067114094 | G4: 0.020134228 | H4: 0.033670034 | I4: 0.013937282 | J4: 0.021428571 | K4: 0.021201413 | L4: 0.034722222 | M4: 0.020689655 | N4: 0.041522491 | O4: 0.020905923 | P4: 0.055944056 | Q4: 0.01384083 | R4: 0.013937282 | S4: 0.013513514 | T4: 0.039344262 | V4: =+IFERROR((SUM('Bajas Voluntarias'!B4:M4)/((Dotación!B4+Dotación!N4)/2)),0) -> 0.3713355 | W4: =+IFERROR((SUM('Bajas Voluntarias'!N4:T4)/((Dotación!N4+Dotación!U4)/2)),0) -> 0.19661017
A5: Tda. La Calera | B5: 0.0071428571 | C5: 0.035971223 | D5: 0.036764706 | E5: 0.014814815 | F5: 0.022058824 | G5: 0.051660517 | H5: 0 | I5: 0.0072992701 | J5: 0.02189781 | K5: 0.014925373 | L5: 0 | M5: 0.022813688 | N5: 0 | O5: 0.0075757576 | P5: 0.022988506 | Q5: 0.0077220077 | R5: 0.0077220077 | S5: 0.015625 | T5: 0.023076923 | V5: =+IFERROR((SUM('Bajas Voluntarias'!B5:M5)/((Dotación!B5+Dotación!N5)/2)),0) -> 0.23616236 | W5: =+IFERROR((SUM('Bajas Voluntarias'!N5:T5)/((Dotación!N5+Dotación!U5)/2)),0) -> 0.08365019
A6: Tda. Los Andes | B6: 0.036231884 | C6: 0.022222222 | D6: 0.052830189 | E6: 0.014981273 | F6: 0.057553957 | G6: 0.028268551 | H6: 0.028169014 | I6: 0.035335689 | J6: 0.036101083 | K6: 0.014440433 | L6: 0.0071174377 | M6: 0.028880866 | N6: 0.0073800738 | O6: 0.029739777 | P6: 0.029962547 | Q6: 0.029520295 | R6: 0.055172414 | S6: 0.026490066 | T6: 0.026845638 | V6: =+IFERROR((SUM('Bajas Voluntarias'!B6:M6)/((Dotación!B6+Dotación!N6)/2)),0) -> 0.36231884 | W6: =+IFERROR((SUM('Bajas Voluntarias'!N6:T6)/((Dotación!N6+Dotación!U6)/2)),0) -> 0.20422535
A7: Tda. Maipú | B7: 0.044444444 | C7: 0.017391304 | D7: 0.023391813 | E7: 0.047904192 | F7: 0.0061349693 | G7: 0.028490028 | H7: 0.021390374 | I7: 0.011111111 | J7: 0.011494253 | K7: 0.017291066 | L7: 0.022222222 | M7: 0.043243243 | N7: 0.027247956 | O7: 0.037333333 | P7: 0.078534031 | Q7: 0.036939314 | R7: 0.053475936 | S7: 0.036363636 | T7: 0.041131105 | V7: =+IFERROR((SUM('Bajas Voluntarias'!B7:M7)/((Dotación!B7+Dotación!N7)/2)),0) -> 0.28032345 | W7: =+IFERROR((SUM('Bajas Voluntarias'!N7:T7)/((Dotación!N7+Dotación!U7)/2)),0) -> 0.31635389
A8: Tda. Plaza Oeste | B8: 0.073260073 | C8: 0.064638783 | D8: 0.064272212 | E8: 0.055762082 | F8: 0.047186933 | G8: 0.035335689 | H8: 0.041522491 | I8: 0.013651877 | J8: 0.017152659 | K8: 0.045375218 | L8: 0.024822695 | M8: 0.010600707 | N8: 0.027874564 | O8: 0.031141869 | P8: 0.038528897 | Q8: 0.010619469 | R8: 0.045855379 | S8: 0.042179262 | T8: 0.014059754 | V8: =+IFERROR((SUM('Bajas Voluntarias'!B8:M8)/((Dotación!B8+Dotación!N8)/2)),0) -> 0.48056537 | W8: =+IFERROR((SUM('Bajas Voluntarias'!N8:T8)/((Dotación!N8+Dotación!U8)/2)),0) -> 0.21089631
A9: Tda. Plaza Tobalaba | B9: 0.016085791 | C9: 0.050139276 | D9: 0.038781163 | E9: 0.021563342 | F9: 0.036458333 | G9: 0.025380711 | H9: 0.020512821 | I9: 0.021164021 | J9: 0.0053908356 | K9: 0.032608696 | L9: 0.032345013 | M9: 0.026109661 | N9: 0.020887728 | O9: 0.01055409 | P9: 0.025706941 | Q9: 0.020151134 | R9: 0.041025641 | S9: 0.030075188 | T9: 0.024154589 | V9: =+IFERROR((SUM('Bajas Voluntarias'!B9:M9)/((Dotación!B9+Dotación!N9)/2)),0) -> 0.31524548 | W9: =+IFERROR((SUM('Bajas Voluntarias'!N9:T9)/((Dotación!N9+Dotación!U9)/2)),0) -> 0.16957606
A10: Tda. Rancagua | B10: 0.033264033 | C10: 0.0084745763 | D10: 0.025862069 | E10: 0.025695931 | F10: 0.037344398 | G10: 0.016326531 | H10: 0.012244898 | I10: 0.0041493776 | J10: 0.0042105263 | K10: 0 | L10: 0.016842105 | M10: 0.008492569 | N10: 0.012711864 | O10: 0.035928144 | P10: 0.069902913 | Q10: 0.019493177 | R10: 0.030828516 | S10: 0.011450382 | T10: 0.015180266 | V10: =+IFERROR((SUM('Bajas Voluntarias'!B10:M10)/((Dotación!B10+Dotación!N10)/2)),0) -> 0.19287212 | W10: =+IFERROR((SUM('Bajas Voluntarias'!N10:T10)/((Dotación!N10+Dotación!U10)/2)),0) -> 0.2020202
A11: Tda. San Bernardo | B11: 0.055865922 | C11: 0.066852368 | D11: 0.068376068 | E11: 0.052631579 | F11: 0.029069767 | G11: 0.022792023 | H11: 0.039772727 | I11: 0.028901734 | J11: 0 | K11: 0.017699115 | L11: 0.028735632 | M11: 0.016304348 | N11: 0.037533512 | O11: 0.038147139 | P11: 0.037333333 | Q11: 0.036363636 | R11: 0.042440318 | S11: 0.021390374 | T11: 0.021505376 | V11: =+IFERROR((SUM('Bajas Voluntarias'!B11:M11)/((Dotación!B11+Dotación!N11)/2)),0) -> 0.4076087 | W11: =+IFERROR((SUM('Bajas Voluntarias'!N11:T11)/((Dotación!N11+Dotación!U11)/2)),0) -> 0.23719677
A12: Tda. San Fernando | B12: 0.025104603 | C12: 0.017699115 | D12: 0.044843049 | E12: 0.017094017 | F12: 0.024291498 | G12: 0.023715415 | H12: 0.023255814 | I12: 0.0080321285 | J12: 0 | K12: 0.025104603 | L12: 0.0085106383 | M12: 0 | N12: 0.015873016 | O12: 0.047058824 | P12: 0.023346304 | Q12: 0.023255814 | R12: 0.030888031 | S12: 0.022988506 | T12: 0.044776119 | V12: =+IFERROR((SUM('Bajas Voluntarias'!B12:M12)/((Dotación!B12+Dotación!N12)/2)),0) -> 0.20717131 | W12: =+IFERROR((SUM('Bajas Voluntarias'!N12:T12)/((Dotación!N12+Dotación!U12)/2)),0) -> 0.20610687
A13: Tda. Talca | B13: 0.034042553 | C13: 0.050632911 | D13: 0.045174538 | E13: 0.048780488 | F13: 0.045360825 | G13: 0.021052632 | H13: 0.020408163 | I13: 0.035294118 | J13: 0.023483366 | K13: 0.01171875 | L13: 0.038910506 | M13: 0.031434185 | N13: 0.035714286 | O13: 0.023391813 | P13: 0.031067961 | Q13: 0.015779093 | R13: 0.011952191 | S13: 0.011928429 | T13: 0.0080160321 | V13: =+IFERROR((SUM('Bajas Voluntarias'!B13:M13)/((Dotación!B13+Dotación!N13)/2)),0) -> 0.41067762 | W13: =+IFERROR((SUM('Bajas Voluntarias'!N13:T13)/((Dotación!N13+Dotación!U13)/2)),0) -> 0.14084507
A14: Tda. Antofagasta | B14: 0.023866348 | C14: 0.047393365 | D14: 0.038277512 | E14: 0.029126214 | F14: 0.028368794 | G14: 0.055427252 | H14: 0.032036613 | I14: 0.026845638 | J14: 0.031319911 | K14: 0.036613272 | L14: 0.013856813 | M14: 0.013761468 | N14: 0.026315789 | O14: 0.042553191 | P14: 0.072961373 | Q14: 0.042918455 | R14: 0.054736842 | S14: 0.048582996 | T14: 0.036585366 | V14: =+IFERROR((SUM('Bajas Voluntarias'!B14:M14)/((Dotación!B14+Dotación!N14)/2)),0) -> 0.38028169 | W14: =+IFERROR((SUM('Bajas Voluntarias'!N14:T14)/((Dotación!N14+Dotación!U14)/2)),0) -> 0.33551198
... A48: Total | B48: 0.035736599 | C48: 0.042963057 | D48: 0.042227701 | E48: 0.037460199 | F48: 0.032311978 | G48: 0.028039672 | H48: 0.030899215 | I48: 0.024943997 | J48: 0.019166974 | K48: 0.025411707 | L48: 0.027395585 | M48: 0.026489258 | N48: 0.030153809 | O48: 0.034014836 | P48: 0.042388277 | Q48: 0.026474855 | R48: 0.029725518 | S48: 0.027267338 | T48: 0.024933843 | V48: =+IFERROR((SUM('Bajas Voluntarias'!B48:M48)/((Dotación!B48+Dotación!N48)/2)),0) -> 0.37065732 | W48: =+IFERROR((SUM('Bajas Voluntarias'!N48:T48)/((Dotación!N48+Dotación!U48)/2)),0) -> 0.2147788

Sheet Bajas Total
B1: 2024/ene | C1: 2024/feb | D1: 2024/mar | E1: 2024/abr | F1: 2024/may | G1: 2024/jun | H1: 2024/jul | I1: 2024/ago | J1: 2024/sep | K1: 2024/oct | L1: 2024/nov | M1: 2024/dic | N1: 2025/ene | O1: 2025/feb | P1: 2025/mar | Q1: 2025/abr | R1: 2025/may | S1: 2025/jun | T1: 2025/jul
A2: Lugar de trabajo | B2: N° Bajas | C2: N° Bajas | D2: N° Bajas | E2: N° Bajas | F2: N° Bajas | G2: N° Bajas | H2: N° Bajas | I2: N° Bajas | J2: N° Bajas | K2: N° Bajas | L2: N° Bajas | M2: N° Bajas | N2: N° Bajas | O2: N° Bajas | P2: N° Bajas | Q2: N° Bajas | R2: N° Bajas | S2: N° Bajas | T2: N° Bajas
A3: Tda. Curicó | B3: 9 | C3: 14 | D3: 10 | E3: 11 | F3: 6 | G3: 6 | H3: 1 | I3: 0 | J3: 3 | K3: 5 | L3: 8 | M3: 3 | N3: 6 | O3: 1 | P3: 3 | Q3: 5 | R3: 5 | S3: 5 | T3: 6
A4: Tda. Estación Central | B4: 15 | C4: 7 | D4: 4 | E4: 9 | F4: 15 | G4: 3 | H4: 6 | I4: 2 | J4: 3 | K4: 3 | L4: 5 | M4: 4 | N4: 7 | O4: 3 | P4: 8 | Q4: 3 | R4: 4 | S4: 4 | T4: 8
A5: Tda. La Calera | B5: 5 | C5: 6 | D5: 7 | E5: 2 | F5: 6 | G5: 7 | H5: 0 | I5: 1 | J5: 3 | K5: 2 | L5: 0 | M5: 3 | N5: 0 | O5: 1 | P5: 3 | Q5: 2 | R5: 1 | S5: 2 | T5: 4
A6: Tda. Los Andes | B6: 5 | C6: 3 | D6: 7 | E6: 4 | F6: 10 | G6: 5 | H6: 4 | I6: 5 | J6: 5 | K6: 2 | L6: 1 | M6: 4 | N6: 2 | O6: 4 | P6: 4 | Q6: 4 | R6: 8 | S6: 5 | T6: 6
A7: Tda. Maipú | B7: 14 | C7: 4 | D7: 4 | E7: 10 | F7: 3 | G7: 6 | H7: 5 | I7: 2 | J7: 2 | K7: 3 | L7: 5 | M7: 8 | N7: 5 | O7: 7 | P7: 15 | Q7: 9 | R7: 10 | S7: 8 | T7: 12
A8: Tda. Plaza Oeste | B8: 30 | C8: 19 | D8: 18 | E8: 16 | F8: 15 | G8: 11 | H8: 13 | I8: 4 | J8: 5 | K8: 14 | L8: 10 | M8: 3 | N8: 9 | O8: 9 | P8: 13 | Q8: 4 | R8: 14 | S8: 12 | T8: 5
A9: Tda. Plaza Tobalaba | B9: 14 | C9: 10 | D9: 7 | E9: 6 | F9: 7 | G9: 5 | H9: 4 | I9: 4 | J9: 1 | K9: 6 | L9: 6 | M9: 5 | N9: 5 | O9: 2 | P9: 5 | Q9: 5 | R9: 8 | S9: 6 | T9: 5
A10: Tda. Rancagua | B10: 15 | C10: 2 | D10: 6 | E10: 8 | F10: 14 | G10: 5 | H10: 3 | I10: 1 | J10: 1 | K10: 0 | L10: 4 | M10: 4 | N10: 5 | O10: 9 | P10: 18 | Q10: 5 | R10: 10 | S10: 4 | T10: 4
A11: Tda. San Bernardo | B11: 12 | C11: 12 | D11: 12 | E11: 10 | F11: 6 | G11: 4 | H11: 10 | I11: 5 | J11: 0 | K11: 3 | L11: 5 | M11: 3 | N11: 7 | O11: 7 | P11: 7 | Q11: 10 | R11: 9 | S11: 6 | T11: 12
A12: Tda. San Fernando | B12: 8 | C12: 3 | D12: 5 | E12: 3 | F12: 4 | G12: 3 | H12: 3 | I12: 1 | J12: 0 | K12: 3 | L12: 1 | M12: 0 | N12: 2 | O12: 6 | P12: 3 | Q12: 4 | R12: 4 | S12: 4 | T12: 6
A13: Tda. Talca | B13: 13 | C13: 15 | D13: 15 | E13: 14 | F13: 13 | G13: 6 | H13: 8 | I13: 9 | J13: 6 | K13: 4 | L13: 10 | M13: 9 | N13: 12 | O13: 10 | P13: 12 | Q13: 4 | R13: 3 | S13: 4 | T13: 2
A14: Tda. Antofagasta | B14: 5 | C14: 11 | D14: 9 | E14: 11 | F14: 6 | G14: 13 | H14: 7 | I14: 6 | J14: 8 | K14: 8 | L14: 3 | M14: 3 | N14: 6 | O14: 10 | P14: 18 | Q14: 14 | R14: 14 | S14: 13 | T14: 9
... A48: Total | B48: 522 | C48: 382 | D48: 361 | E48: 355 | F48: 382 | G48: 270 | H48: 301 | I48: 216 | J48: 167 | K48: 250 | L48: 264 | M48: 237 | N48: 285 | O48: 402 | P48: 389 | Q48: 259 | R48: 281 | S48: 265 | T48: 269

Sheet Bajas Involuntarias
B1: 2024/ene | C1: 2024/feb | D1: 2024/mar | E1: 2024/abr | F1: 2024/may | G1: 2024/jun | H1: 2024/jul | I1: 2024/ago | J1: 2024/sep | K1: 2024/oct | L1: 2024/nov | M1: 2024/dic | N1: 2025/ene | O1: 2025/feb | P1: 2025/mar | Q1: 2025/abr | R1: 2025/may | S1: 2025/jun | T1: 2025/jul
A2: Lugar de trabajo | B2: N° Bajas | C2: N° Bajas | D2: N° Bajas | E2: N° Bajas | F2: N° Bajas | G2: N° Bajas | H2: N° Bajas | I2: N° Bajas | J2: N° Bajas | K2: N° Bajas | L2: N° Bajas | M2: N° Bajas | N2: N° Bajas | O2: N° Bajas | P2: N° Bajas | Q2: N° Bajas | R2: N° Bajas | S2: N° Bajas | T2: N° Bajas
A3: Tda. Curicó | B3: 4 | C3: 1 | D3: 0 | E3: 1 | F3: 0 | G3: 1 | H3: 0 | I3: 0 | J3: 0 | K3: 0 | L3: 1 | M3: 0 | N3: 1 | O3: 0 | P3: 0 | Q3: 2 | R3: 0 | S3: 0 | T3: 0
A4: Tda. Estación Central | B4: 9 | C4: 0 | D4: 0 | E4: 3 | F4: 5 | G4: 0 | H4: 1 | I4: 0 | J4: 0 | K4: 0 | L4: 0 | M4: 1 | N4: 1 | O4: 0 | P4: 0 | Q4: 1 | R4: 2 | S4: 2 | T4: 2
A5: Tda. La Calera | B5: 4 | C5: 1 | D5: 2 | E5: 0 | F5: 3 | G5: 0 | H5: 0 | I5: 0 | J5: 0 | K5: 0 | L5: 0 | M5: 0 | N5: 0 | O5: 0 | P5: 0 | Q5: 1 | R5: 0 | S5: 0 | T5: 1
A6: Tda. Los Andes | B6: 0 | C6: 0 | D6: 0 | E6: 2 | F6: 2 | G6: 1 | H6: 0 | I6: 0 | J6: 0 | K6: 0 | L6: 0 | M6: 0 | N6: 1 | O6: 0 | P6: 0 | Q6: 0 | R6: 0 | S6: 1 | T6: 2
A7: Tda. Maipú | B7: 6 | C7: 1 | D7: 0 | E7: 2 | F7: 2 | G7: 1 | H7: 1 | I7: 0 | J7: 0 | K7: 0 | L7: 1 | M7: 0 | N7: 0 | O7: 0 | P7: 0 | Q7: 2 | R7: 0 | S7: 1 | T7: 4
A8: Tda. Plaza Oeste | B8: 10 | C8: 2 | D8: 1 | E8: 1 | F8: 2 | G8: 1 | H8: 1 | I8: 0 | J8: 0 | K8: 1 | L8: 3 | M8: 0 | N8: 1 | O8: 0 | P8: 2 | Q8: 1 | R8: 1 | S8: 0 | T8: 1
A9: Tda. Plaza Tobalaba | B9: 11 | C9: 1 | D9: 0 | E9: 2 | F9: 0 | G9: 0 | H9: 0 | I9: 0 | J9: 0 | K9: 0 | L9: 0 | M9: 0 | N9: 1 | O9: 0 | P9: 0 | Q9: 1 | R9: 0 | S9: 0 | T9: 0
A10: Tda. Rancagua | B10: 7 | C10: 0 | D10: 0 | E10: 2 | F10: 5 | G10: 1 | H10: 0 | I10: 0 | J10: 0 | K10: 0 | L10: 0 | M10: 2 | N10: 2 | O10: 0 | P10: 0 | Q10: 0 | R10: 2 | S10: 1 | T10: 0
A11: Tda. San Bernardo | B11: 2 | C11: 0 | D11: 0 | E11: 1 | F11: 1 | G11: 0 | H11: 3 | I11: 0 | J11: 0 | K11: 0 | L11: 0 | M11: 0 | N11: 0 | O11: 0 | P11: 0 | Q11: 3 | R11: 1 | S11: 2 | T11: 8
A12: Tda. San Fernando | B12: 5 | C12: 1 | D12: 0 | E12: 1 | F12: 1 | G12: 0 | H12: 0 | I12: 0 | J12: 0 | K12: 0 | L12: 0 | M12: 0 | N12: 0 | O12: 0 | P12: 0 | Q12: 1 | R12: 0 | S12: 1 | T12: 0
A13: Tda. Talca | B13: 5 | C13: 3 | D13: 4 | E13: 2 | F13: 2 | G13: 1 | H13: 3 | I13: 0 | J13: 0 | K13: 1 | L13: 0 | M13: 1 | N13: 3 | O13: 4 | P13: 4 | Q13: 0 | R13: 0 | S13: 1 | T13: 0
A14: Tda. Antofagasta | B14: 0 | C14: 1 | D14: 1 | E14: 5 | F14: 0 | G14: 1 | H14: 0 | I14: 0 | J14: 1 | K14: 0 | L14: 0 | M14: 0 | N14: 0 | O14: 0 | P14: 1 | Q14: 4 | R14: 1 | S14: 1 | T14: 0
... A48: Total | B48: 236 | C48: 43 | D48: 27 | E48: 55 | F48: 121 | G48: 41 | H48: 45 | I48: 10 | J48: 11 | K48: 44 | L48: 40 | M48: 20 | N48: 37 | O48: 120 | P48: 39 | Q48: 40 | R48: 33 | S48: 35 | T48: 57

Sheet Bajas Voluntarias
B1: 2024/ene | C1: 2024/feb | D1: 2024/mar | E1: 2024/abr | F1: 2024/may | G1: 2024/jun | H1: 2024/jul | I1: 2024/ago | J1: 2024/sep | K1: 2024/oct | L1: 2024/nov | M1: 2024/dic | N1: 2025/ene | O1: 2025/feb | P1: 2025/mar | Q1: 2025/abr | R1: 2025/may | S1: 2025/jun | T1: 2025/jul
A2: Lugar de trabajo | B2: N° Bajas | C2: N° Bajas | D2: N° Bajas | E2: N° Bajas | F2: N° Bajas | G2: N° Bajas | H2: N° Bajas | I2: N° Bajas | J2: N° Bajas | K2: N° Bajas | L2: N° Bajas | M2: N° Bajas | N2: N° Bajas | O2: N° Bajas | P2: N° Bajas | Q2: N° Bajas | R2: N° Bajas | S2: N° Bajas | T2: N° Bajas
A3: Tda. Curicó | B3: 5 | C3: 13 | D3: 10 | E3: 10 | F3: 6 | G3: 5 | H3: 1 | I3: 0 | J3: 3 | K3: 5 | L3: 7 | M3: 3 | N3: 5 | O3: 1 | P3: 3 | Q3: 3 | R3: 5 | S3: 5 | T3: 6
A4: Tda. Estación Central | B4: 6 | C4: 7 | D4: 4 | E4: 6 | F4: 10 | G4: 3 | H4: 5 | I4: 2 | J4: 3 | K4: 3 | L4: 5 | M4: 3 | N4: 6 | O4: 3 | P4: 8 | Q4: 2 | R4: 2 | S4: 2 | T4: 6
A5: Tda. La Calera | B5: 1 | C5: 5 | D5: 5 | E5: 2 | F5: 3 | G5: 7 | H5: 0 | I5: 1 | J5: 3 | K5: 2 | L5: 0 | M5: 3 | N5: 0 | O5: 1 | P5: 3 | Q5: 1 | R5: 1 | S5: 2 | T5: 3
A6: Tda. Los Andes | B6: 5 | C6: 3 | D6: 7 | E6: 2 | F6: 8 | G6: 4 | H6: 4 | I6: 5 | J6: 5 | K6: 2 | L6: 1 | M6: 4 | N6: 1 | O6: 4 | P6: 4 | Q6: 4 | R6: 8 | S6: 4 | T6: 4
A7: Tda. Maipú | B7: 8 | C7: 3 | D7: 4 | E7: 8 | F7: 1 | G7: 5 | H7: 4 | I7: 2 | J7: 2 | K7: 3 | L7: 4 | M7: 8 | N7: 5 | O7: 7 | P7: 15 | Q7: 7 | R7: 10 | S7: 7 | T7: 8
A8: Tda. Plaza Oeste | B8: 20 | C8: 17 | D8: 17 | E8: 15 | F8: 13 | G8: 10 | H8: 12 | I8: 4 | J8: 5 | K8: 13 | L8: 7 | M8: 3 | N8: 8 | O8: 9 | P8: 11 | Q8: 3 | R8: 13 | S8: 12 | T8: 4
A9: Tda. Plaza Tobalaba | B9: 3 | C9: 9 | D9: 7 | E9: 4 | F9: 7 | G9: 5 | H9: 4 | I9: 4 | J9: 1 | K9: 6 | L9: 6 | M9: 5 | N9: 4 | O9: 2 | P9: 5 | Q9: 4 | R9: 8 | S9: 6 | T9: 5
A10: Tda. Rancagua | B10: 8 | C10: 2 | D10: 6 | E10: 6 | F10: 9 | G10: 4 | H10: 3 | I10: 1 | J10: 1 | K10: 0 | L10: 4 | M10: 2 | N10: 3 | O10: 9 | P10: 18 | Q10: 5 | R10: 8 | S10: 3 | T10: 4
A11: Tda. San Bernardo | B11: 10 | C11: 12 | D11: 12 | E11: 9 | F11: 5 | G11: 4 | H11: 7 | I11: 5 | J11: 0 | K11: 3 | L11: 5 | M11: 3 | N11: 7 | O11: 7 | P11: 7 | Q11: 7 | R11: 8 | S11: 4 | T11: 4
A12: Tda. San Fernando | B12: 3 | C12: 2 | D12: 5 | E12: 2 | F12: 3 | G12: 3 | H12: 3 | I12: 1 | J12: 0 | K12: 3 | L12: 1 | M12: 0 | N12: 2 | O12: 6 | P12: 3 | Q12: 3 | R12: 4 | S12: 3 | T12: 6
A13: Tda. Talca | B13: 8 | C13: 12 | D13: 11 | E13: 12 | F13: 11 | G13: 5 | H13: 5 | I13: 9 | J13: 6 | K13: 3 | L13: 10 | M13: 8 | N13: 9 | O13: 6 | P13: 8 | Q13: 4 | R13: 3 | S13: 3 | T13: 2
A14: Tda. Antofagasta | B14: 5 | C14: 10 | D14: 8 | E14: 6 | F14: 6 | G14: 12 | H14: 7 | I14: 6 | J14: 7 | K14: 8 | L14: 3 | M14: 3 | N14: 6 | O14: 10 | P14: 17 | Q14: 10 | R14: 13 | S14: 12 | T14: 9
... A48: Total | B48: 286 | C48: 339 | D48: 334 | E48: 300 | F48: 261 | G48: 229 | H48: 256 | I48: 206 | J48: 156 | K48: 206 | L48: 224 | M48: 217 | N48: 248 | O48: 282 | P48: 350 | Q48: 219 | R48: 248 | S48: 230 | T48: 212

Sheet Dotación
B1: 2023/dic | C1: 2024/ene | D1: 2024/feb | E1: 2024/mar | F1: 2024/abr | G1: 2024/may | H1: 2024/jun | I1: 2024/jul | J1: 2024/ago | K1: 2024/sep | L1: 2024/oct | M1: 2024/nov | N1: 2024/dic | O1: 2025/ene | P1: 2025/feb | Q1: 2025/mar | R1: 2025/abr | S1: 2025/may | T1: 2025/jun | U1: 2025/jul
A2: Lugar de trabajo | B2: Dot. Chile | C2: Dot. Chile | D2: Dot. Chile | E2: Dot. Chile | F2: Dot. Chile | G2: Dot. Chile | H2: Dot. Chile | I2: Dot. Chile | J2: Dot. Chile | K2: Dot. Chile | L2: Dot. Chile | M2: Dot. Chile | N2: Dot. Chile | O2: Dot. Chile | P2: Dot. Chile | Q2: Dot. Chile | R2: Dot. Chile | S2: Dot. Chile | T2: Dot. Chile | U2: Dot. Chile
A3: Tda. Curicó | B3: 175 | C3: 164 | D3: 154 | E3: 156 | F3: 158 | G3: 165 | H3: 164 | I3: 162 | J3: 160 | K3: 158 | L3: 160 | M3: 157 | N3: 157 | O3: 159 | P3: 158 | Q3: 151 | R3: 165 | S3: 180 | T3: 176 | U3: 172
A4: Tda. Estación Central | B4: 161 | C4: 152 | D4: 152 | E4: 153 | F4: 151 | G4: 147 | H4: 151 | I4: 146 | J4: 141 | K4: 139 | L4: 144 | M4: 144 | N4: 146 | O4: 143 | P4: 144 | Q4: 142 | R4: 147 | S4: 140 | T4: 156 | U4: 149
A5: Tda. La Calera | B5: 141 | C5: 139 | D5: 139 | E5: 133 | F5: 137 | G5: 135 | H5: 136 | I5: 136 | J5: 138 | K5: 136 | L5: 132 | M5: 133 | N5: 130 | O5: 132 | P5: 132 | Q5: 129 | R5: 130 | S5: 129 | T5: 127 | U5: 133
A6: Tda. Los Andes | B6: 140 | C6: 136 | D6: 134 | E6: 131 | F6: 136 | G6: 142 | H6: 141 | I6: 143 | J6: 140 | K6: 137 | L6: 140 | M6: 141 | N6: 136 | O6: 135 | P6: 134 | Q6: 133 | R6: 138 | S6: 152 | T6: 150 | U6: 148
A7: Tda. Maipú | B7: 187 | C7: 173 | D7: 172 | E7: 170 | F7: 164 | G7: 162 | H7: 189 | I7: 185 | J7: 175 | K7: 173 | L7: 174 | M7: 186 | N7: 184 | O7: 183 | P7: 192 | Q7: 190 | R7: 189 | S7: 185 | T7: 200 | U7: 189
A8: Tda. Plaza Oeste | B8: 281 | C8: 265 | D8: 261 | E8: 268 | F8: 270 | G8: 281 | H8: 285 | I8: 293 | J8: 293 | K8: 290 | L8: 283 | M8: 281 | N8: 285 | O8: 289 | P8: 289 | Q8: 282 | R8: 283 | S8: 284 | T8: 285 | U8: 284
A9: Tda. Plaza Tobalaba | B9: 192 | C9: 181 | D9: 178 | E9: 183 | F9: 188 | G9: 196 | H9: 198 | I9: 192 | J9: 186 | K9: 185 | L9: 183 | M9: 188 | N9: 195 | O9: 188 | P9: 191 | Q9: 198 | R9: 199 | S9: 191 | T9: 208 | U9: 206
A10: Tda. Rancagua | B10: 244 | C10: 237 | D10: 235 | E10: 229 | F10: 238 | G10: 244 | H10: 246 | I10: 244 | J10: 238 | K10: 237 | L10: 237 | M10: 238 | N10: 233 | O10: 239 | P10: 262 | Q10: 253 | R10: 260 | S10: 259 | T10: 265 | U10: 262
A11: Tda. San Bernardo | B11: 179 | C11: 179 | D11: 180 | E11: 171 | F11: 171 | G11: 173 | H11: 178 | I11: 174 | J11: 172 | K11: 170 | L11: 169 | M11: 179 | N11: 189 | O11: 184 | P11: 183 | Q11: 192 | R11: 193 | S11: 184 | T11: 190 | U11: 182
A12: Tda. San Fernando | B12: 126 | C12: 113 | D12: 113 | E12: 110 | F12: 124 | G12: 123 | H12: 130 | I12: 128 | J12: 121 | K12: 121 | L12: 118 | M12: 117 | N12: 125 | O12: 127 | P12: 128 | Q12: 129 | R12: 129 | S12: 130 | T12: 131 | U12: 137
A13: Tda. Talca | B13: 236 | C13: 234 | D13: 240 | E13: 247 | F13: 245 | G13: 240 | H13: 235 | I13: 255 | J13: 255 | K13: 256 | L13: 256 | M13: 258 | N13: 251 | O13: 253 | P13: 260 | Q13: 255 | R13: 252 | S13: 250 | T13: 253 | U13: 246
A14: Tda. Antofagasta | B14: 208 | C14: 211 | D14: 211 | E14: 207 | F14: 205 | G14: 218 | H14: 215 | I14: 222 | J14: 225 | K14: 222 | L14: 215 | M14: 218 | N14: 218 | O14: 238 | P14: 232 | Q14: 234 | R14: 232 | S14: 243 | T14: 251 | U14: 241
... A24: Tda. Viña Plaza Sucre | B24: 138 | C24: 136 | D24: 134 | E24: 131 | F24: 141 | G24: 152 | H24: 146 | I24: 148 | J24: 146 | K24: 143 | L24: 154 | M24: 152 | N24: 151 | O24: 155 | P24: 156 | Q24: 155 | R24: 155 | S24: 153 | T24: 154 | U24: 155
A25: Tda. Alto Las Condes | B25: 175 | C25: 172 | D25: 172 | E25: 177 | F25: 190 | G25: 176 | H25: 189 | I25: 193 | J25: 182 | K25: 178 | L25: 180 | M25: 179 | N25: 180 | O25: 187 | P25: 1
A26: Tda. Costanera Center | B26: 288 | C26: 311 | D26: 311 | E26: 325 | F26: 324 | G26: 327 | H26: 357 | I26: 343 | J26: 335 | K26: 331 | L26: 357 | M26: 356 | N26: 352 | O26: 359 | P26: 362 | Q26: 357 | R26: 356 | S26: 364 | T26: 365 | U26: 362
A27: Tda. Crillón | B27: 141 | C27: 139 | D27: 133 | E27: 138 | F27: 133 | G27: 115 | H27: 121 | I27: 124 | J27: 130 | K27: 131 | L27: 129 | M27: 155 | N27: 159 | O27: 151 | P27: 155 | Q27: 146 | R27: 145 | S27: 159 | T27: 160 | U27: 163
A28: Tda. Florida Center | B28: 203 | C28: 200 | D28: 203 | E28: 205 | F28: 208 | G28: 214 | H28: 225 | I28: 223 | J28: 222 | K28: 214 | L28: 206 | M28: 224 | N28: 220 | O28: 227 | P28: 244 | Q28: 239 | R28: 244 | S28: 246 | T28: 239 | U28: 244
A29: Tda. Huerfanos | B29: 65 | C29: 58 | D29: 61 | E29: 60 | F29: 61 | G29: 60 | H29: 61 | I29: 59 | J29: 54 | K29: 52 | L29: 47 | M29: 7 | N29: 7 | O29: 7 | P29: 7 | Q29: 6 | R29: 6 | S29: 6 | T29: 6 | U29: 5
A30: Tda. Los Dominicos | B30: 131 | C30: 126 | D30: 134 | E30: 130 | F30: 137 | G30: 136 | H30: 136 | I30: 130 | J30: 131 | K30: 126 | L30: 130 | M30: 126 | N30: 127 | O30: 126 | P30: 132 | Q30: 129 | R30: 131 | S30: 123 | T30: 128 | U30: 130
A31: Tda. Mall del Centro | B31: 213 | C31: 201 | D31: 200 | E31: 203 | F31: 211 | G31: 206 | H31: 207 | I31: 209 | J31: 209 | K31: 208 | L31: 203 | M31: 202 | N31: 201 | O31: 199 | P31: 208 | Q31: 210 | R31: 212 | S31: 213 | T31: 231 | U31: 228
A32: Tda. Parque Arauco | B32: 282 | C32: 282 | D32: 269 | E32: 287 | F32: 287 | G32: 289 | H32: 293 | I32: 282 | J32: 268 | K32: 262 | L32: 283 | M32: 299 | N32: 286 | O32: 308 | P32: 321 | Q32: 301 | R32: 318 | S32: 309 | T32: 306 | U32: 316
A33: Tda. Plaza Egaña | B33: 231 | C33: 222 | D33: 216 | E33: 223 | F33: 228 | G33: 225 | H33: 240 | I33: 226 | J33: 224 | K33: 216 | L33: 216 | M33: 234 | N33: 238 | O33: 236 | P33: 238 | Q33: 245 | R33: 242 | S33: 240 | T33: 241 | U33: 239
A34: Tda. Plaza Huechuraba | B34: 150 | C34: 147 | D34: 154 | E34: 161 | F34: 162 | G34: 153 | H34: 166 | I34: 170 | J34: 159 | K34: 155 | L34: 161 | M34: 164 | N34: 165 | O34: 171 | P34: 181 | Q34: 180 | R34: 177 | S34: 177 | T34: 178 | U34: 171
A35: Tda. Plaza Vespucio | B35: 272 | C35: 274 | D35: 267 | E35: 268 | F35: 267 | G35: 268 | H35: 283 | I35: 296 | J35: 294 | K35: 288 | L35: 294 | M35: 291 | N35: 285 | O35: 289 | P35: 306 | Q35: 299 | R35: 290 | S35: 291 | T35: 314 | U35: 308
A36: Tda. Chillán | B36: 172 | C36: 174 | D36: 173 | E36: 174 | F36: 170 | G36: 167 | H36: 167 | I36: 166 | J36: 165 | K36: 165 | L36: 167 | M36: 166 | N36: 165 | O36: 176 | P36: 192 | Q36: 172 | R36: 177 | S36: 174 | T36: 168 | U36: 182
A37: Tda. Concepción Barros Arana | B37: 54 | C37: 51 | D37: 50 | E37: 52 | F37: 52 | G37: 46 | H37: 47 | I37: 46 | J37: 45 | K37: 45 | L37: 32 | M37: 8 | N37: 5
A38: Tda. Concepción Castellón | B38: 128 | C38: 121 | D38: 123 | E38: 119 | F38: 120 | G38: 110 | H38: 117 | I38: 116 | J38: 111 | K38: 111 | L38: 101 | M38: 115 | N38: 127 | O38: 138 | P38: 137 | Q38: 137 | R38: 138 | S38: 135 | T38: 138 | U38: 134
A39: Tda. Los Ángeles | B39: 194 | C39: 184 | D39: 189 | E39: 189 | F39: 197 | G39: 197 | H39: 189 | I39: 186 | J39: 198 | K39: 198 | L39: 201 | M39: 197 | N39: 192 | O39: 205 | P39: 202 | Q39: 200 | R39: 203 | S39: 202 | T39: 202 | U39: 197
A40: Tda. Mall Concepción | B40: 192 | C40: 189 | D40: 197 | E40: 189 | F40: 192 | G40: 200 | H40: 195 | I40: 196 | J40: 198 | K40: 195 | L40: 210 | M40: 216 | N40: 209 | O40: 211 | P40: 215 | Q40: 225 | R40: 234 | S40: 227 | T40: 239 | U40: 229
A41: Tda. Mall Temuco | B41: 246 | C41: 236 | D41: 236 | E41: 260 | F41: 263 | G41: 262 | H41: 264 | I41: 278 | J41: 264 | K41: 261 | L41: 262 | M41: 282 | N41: 277 | O41: 279 | P41: 295 | Q41: 290 | R41: 298 | S41: 296 | T41: 292 | U41: 288
A42: Tda. Nueva Valdivia | B42: 171 | C42: 163 | D42: 160 | E42: 163 | F42: 163 | G42: 166 | H42: 163 | I42: 170 | J42: 168 | K42: 160 | L42: 163 | M42: 168 | N42: 160 | O42: 166 | P42: 161 | Q42: 166 | R42: 174 | S42: 168 | T42: 183 | U42: 184
A43: Tda. Plaza El Trébol | B43: 292 | C43: 290 | D43: 292 | E43: 303 | F43: 300 | G43: 299 | H43: 309 | I43: 316 | J43: 319 | K43: 320 | L43: 329 | M43: 325 | N43: 319 | O43: 328 | P43: 360 | Q43: 357 | R43: 342 | S43: 345 | T43: 349 | U43: 350
A44: Tda. Puerto Montt | B44: 125 | C44: 112 | D44: 114 | E44: 116 | F44: 117 | G44: 117 | H44: 117 | I44: 126 | J44: 123 | K44: 117 | L44: 116 | M44: 119 | N44: 118 | O44: 119 | P44: 116 | Q44: 128 | R44: 123 | S44: 135 | T44: 137 | U44: 138
A45: Tda. Puerto Montt Costanera | B45: 189 | C45: 187 | D45: 184 | E45: 184 | F45: 196 | G45: 193 | H45: 201 | I45: 220 | J45: 202 | K45: 201 | L45: 214 | M45: 224 | N45: 224 | O45: 218 | P45: 238 | Q45: 238 | R45: 237 | S45: 239 | T45: 246 | U45: 246
A46: Tda. Punta Arenas | B46: 127 | C46: 123 | D46: 125 | E46: 124 | F46: 122 | G46: 118 | H46: 124 | I46: 120 | J46: 118 | K46: 116 | L46: 118 | M46: 128 | N46: 125 | O46: 128 | P46: 127 | Q46: 125 | R46: 139 | S46: 142 | T46: 139 | U46: 146
A47: Tda. Temuco | B47: 192 | C47: 185 | D47: 182 | E47: 180 | F47: 180 | G47: 190 | H47: 183 | I47: 189 | J47: 183 | K47: 181 | L47: 180 | M47: 177 | N47: 177 | O47: 183 | P47: 184 | Q47: 182 | R47: 196 | S47: 198 | T47: 198 | U47: 196
A48: Total | B48: 8099 | C48: 7907 | D48: 7874 | E48: 7945 | F48: 8072 | G48: 8083 | H48: 8251 | I48: 8319 | J48: 8198 | K48: 8080 | L48: 8133 | M48: 8220 | N48: 8164 | O48: 8285 | P48: 8296 | Q48: 8218 | R48: 8326 | S48: 8360 | T48: 8510 | U48: 8495
